"MSN","YYYYMM","Publication Value","Publication Unit","Column Order"
"TEAJBUS",197313,-0.456483,Quadrillion Btu,4
"TEAJBUS",197413,-0.482265,Quadrillion Btu,4
"TEAJBUS",197513,-1.066511,Quadrillion Btu,4
"TEAJBUS",197613,-0.177807,Quadrillion Btu,4
"TEAJBUS",197713,-1.948233,Quadrillion Btu,4
"TEAJBUS",197813,-0.336538,Quadrillion Btu,4
"TEAJBUS",197913,-1.649302,Quadrillion Btu,4
"TEAJBUS",198013,-1.0537,Quadrillion Btu,4
"TEAJBUS",198113,-0.077318,Quadrillion Btu,4
"TEAJBUS",198213,-0.574638,Quadrillion Btu,4
"TEAJBUS",198313,0.935235,Quadrillion Btu,4
"TEAJBUS",198413,-0.780957,Quadrillion Btu,4
"TEAJBUS",198513,1.237551,Quadrillion Btu,4
"TEAJBUS",198613,-0.435007,Quadrillion Btu,4
"TEAJBUS",198713,0.031561,Quadrillion Btu,4
"TEAJBUS",198813,0.964223,Quadrillion Btu,4
"TEAJBUS",198913,1.486959,Quadrillion Btu,4
"TEAJBUS",199013,-0.125892,Quadrillion Btu,4
"TEAJBUS",199113,1.039529,Quadrillion Btu,4
"TEAJBUS",199213,1.580533,Quadrillion Btu,4
"TEAJBUS",199313,2.303125,Quadrillion Btu,4
"TEAJBUS",199413,0.243284,Quadrillion Btu,4
"TEAJBUS",199513,2.315491,Quadrillion Btu,4
"TEAJBUS",199613,2.683405,Quadrillion Btu,4
"TEAJBUS",199713,1.636694,Quadrillion Btu,4
"TEAJBUS",199813,0.07752,Quadrillion Btu,4
"TEAJBUS",199913,1.584578,Quadrillion Btu,4
"TEAJBUS",200013,2.720233,Quadrillion Btu,4
"TEAJBUS",200101,0.7847,Quadrillion Btu,4
"TEAJBUS",200102,0.55895,Quadrillion Btu,4
"TEAJBUS",200103,-0.021891,Quadrillion Btu,4
"TEAJBUS",200104,-0.429058,Quadrillion Btu,4
"TEAJBUS",200105,-0.74741,Quadrillion Btu,4
"TEAJBUS",200106,-0.466485,Quadrillion Btu,4
"TEAJBUS",200107,-0.15228,Quadrillion Btu,4
"TEAJBUS",200108,-0.098953,Quadrillion Btu,4
"TEAJBUS",200109,-0.549826,Quadrillion Btu,4
"TEAJBUS",200110,-0.546134,Quadrillion Btu,4
"TEAJBUS",200111,-0.423482,Quadrillion Btu,4
"TEAJBUS",200112,0.293379,Quadrillion Btu,4
"TEAJBUS",200113,-1.798492,Quadrillion Btu,4
"TEAJBUS",200201,0.452091,Quadrillion Btu,4
"TEAJBUS",200202,0.465048,Quadrillion Btu,4
"TEAJBUS",200203,0.315866,Quadrillion Btu,4
"TEAJBUS",200204,-0.179832,Quadrillion Btu,4
"TEAJBUS",200205,-0.448097,Quadrillion Btu,4
"TEAJBUS",200206,-0.084351,Quadrillion Btu,4
"TEAJBUS",200207,0.195708,Quadrillion Btu,4
"TEAJBUS",200208,0.079006,Quadrillion Btu,4
"TEAJBUS",200209,-0.101551,Quadrillion Btu,4
"TEAJBUS",200210,-0.216828,Quadrillion Btu,4
"TEAJBUS",200211,0.090156,Quadrillion Btu,4
"TEAJBUS",200212,0.801858,Quadrillion Btu,4
"TEAJBUS",200213,1.369074,Quadrillion Btu,4
"TEAJBUS",200301,1.246133,Quadrillion Btu,4
"TEAJBUS",200302,1.187225,Quadrillion Btu,4
"TEAJBUS",200303,0.216969,Quadrillion Btu,4
"TEAJBUS",200304,-0.370138,Quadrillion Btu,4
"TEAJBUS",200305,-0.677519,Quadrillion Btu,4
"TEAJBUS",200306,-0.501936,Quadrillion Btu,4
"TEAJBUS",200307,-0.033593,Quadrillion Btu,4
"TEAJBUS",200308,0.066906,Quadrillion Btu,4
"TEAJBUS",200309,-0.477045,Quadrillion Btu,4
"TEAJBUS",200310,-0.414217,Quadrillion Btu,4
"TEAJBUS",200311,0.169836,Quadrillion Btu,4
"TEAJBUS",200312,0.71734,Quadrillion Btu,4
"TEAJBUS",200313,1.129961,Quadrillion Btu,4
"TEAJBUS",200401,1.056311,Quadrillion Btu,4
"TEAJBUS",200402,0.955681,Quadrillion Btu,4
"TEAJBUS",200403,0.000729,Quadrillion Btu,4
"TEAJBUS",200404,-0.214034,Quadrillion Btu,4
"TEAJBUS",200405,-0.327596,Quadrillion Btu,4
"TEAJBUS",200406,-0.367112,Quadrillion Btu,4
"TEAJBUS",200407,-0.158385,Quadrillion Btu,4
"TEAJBUS",200408,-0.207488,Quadrillion Btu,4
"TEAJBUS",200409,-0.148246,Quadrillion Btu,4
"TEAJBUS",200410,-0.309871,Quadrillion Btu,4
"TEAJBUS",200411,-0.086783,Quadrillion Btu,4
"TEAJBUS",200412,0.723223,Quadrillion Btu,4
"TEAJBUS",200413,0.916427,Quadrillion Btu,4
"TEAJBUS",200501,0.893141,Quadrillion Btu,4
"TEAJBUS",200502,0.464583,Quadrillion Btu,4
"TEAJBUS",200503,0.177212,Quadrillion Btu,4
"TEAJBUS",200504,-0.360665,Quadrillion Btu,4
"TEAJBUS",200505,-0.436864,Quadrillion Btu,4
"TEAJBUS",200506,-0.206371,Quadrillion Btu,4
"TEAJBUS",200507,0.077615,Quadrillion Btu,4
"TEAJBUS",200508,0.105599,Quadrillion Btu,4
"TEAJBUS",200509,-0.047591,Quadrillion Btu,4
"TEAJBUS",200510,-0.352149,Quadrillion Btu,4
"TEAJBUS",200511,-0.260633,Quadrillion Btu,4
"TEAJBUS",200512,0.80966,Quadrillion Btu,4
"TEAJBUS",200513,0.863539,Quadrillion Btu,4
"TEAJBUS",200601,0.170216,Quadrillion Btu,4
"TEAJBUS",200602,0.503526,Quadrillion Btu,4
"TEAJBUS",200603,0.229168,Quadrillion Btu,4
"TEAJBUS",200604,-0.465158,Quadrillion Btu,4
"TEAJBUS",200605,-0.705361,Quadrillion Btu,4
"TEEXBUS",197313,2.033086,Quadrillion Btu,3
"TEEXBUS",197413,2.203366,Quadrillion Btu,3
"TEEXBUS",197513,2.323251,Quadrillion Btu,3
"TEEXBUS",197613,2.171688,Quadrillion Btu,3
"TEEXBUS",197713,2.051891,Quadrillion Btu,3
"TEEXBUS",197813,1.920437,Quadrillion Btu,3
"TEEXBUS",197913,2.855114,Quadrillion Btu,3
"TEEXBUS",198013,3.694771,Quadrillion Btu,3
"TEEXBUS",198113,4.307241,Quadrillion Btu,3
"TEEXBUS",198213,4.607601,Quadrillion Btu,3
"TEEXBUS",198313,3.692931,Quadrillion Btu,3
"TEEXBUS",198413,3.786147,Quadrillion Btu,3
"TEEXBUS",198513,4.196178,Quadrillion Btu,3
"TEEXBUS",198613,4.021479,Quadrillion Btu,3
"TEEXBUS",198713,3.81195,Quadrillion Btu,3
"TEEXBUS",198813,4.366453,Quadrillion Btu,3
"TEEXBUS",198913,4.660899,Quadrillion Btu,3
"TEEXBUS",199013,4.752484,Quadrillion Btu,3
"TEEXBUS",199113,5.140965,Quadrillion Btu,3
"TEEXBUS",199213,4.936942,Quadrillion Btu,3
"TEEXBUS",199313,4.258366,Quadrillion Btu,3
"TEEXBUS",199413,4.061146,Quadrillion Btu,3
"TEEXBUS",199513,4.510868,Quadrillion Btu,3
"TEEXBUS",199613,4.633266,Quadrillion Btu,3
"TEEXBUS",199713,4.513995,Quadrillion Btu,3
"TEEXBUS",199813,4.2992,Quadrillion Btu,3
"TEEXBUS",199913,3.714988,Quadrillion Btu,3
"TEEXBUS",200013,4.005866,Quadrillion Btu,3
"TEEXBUS",200101,0.346309,Quadrillion Btu,3
"TEEXBUS",200102,0.284522,Quadrillion Btu,3
"TEEXBUS",200103,0.289176,Quadrillion Btu,3
"TEEXBUS",200104,0.313485,Quadrillion Btu,3
"TEEXBUS",200105,0.355778,Quadrillion Btu,3
"TEEXBUS",200106,0.302793,Quadrillion Btu,3
"TEEXBUS",200107,0.278338,Quadrillion Btu,3
"TEEXBUS",200108,0.337882,Quadrillion Btu,3
"TEEXBUS",200109,0.290538,Quadrillion Btu,3
"TEEXBUS",200110,0.3138,Quadrillion Btu,3
"TEEXBUS",200111,0.328397,Quadrillion Btu,3
"TEEXBUS",200112,0.329428,Quadrillion Btu,3
"TEEXBUS",200113,3.770446,Quadrillion Btu,3
"TEEXBUS",200201,0.292073,Quadrillion Btu,3
"TEEXBUS",200202,0.290171,Quadrillion Btu,3
"TEEXBUS",200203,0.267331,Quadrillion Btu,3
"TEEXBUS",200204,0.292984,Quadrillion Btu,3
"TEEXBUS",200205,0.294805,Quadrillion Btu,3
"TEEXBUS",200206,0.308522,Quadrillion Btu,3
"TEEXBUS",200207,0.270423,Quadrillion Btu,3
"TEEXBUS",200208,0.344565,Quadrillion Btu,3
"TEEXBUS",200209,0.301471,Quadrillion Btu,3
"TEEXBUS",200210,0.333282,Quadrillion Btu,3
"TEEXBUS",200211,0.313315,Quadrillion Btu,3
"TEEXBUS",200212,0.359482,Quadrillion Btu,3
"TEEXBUS",200213,3.668424,Quadrillion Btu,3
"TEEXBUS",200301,0.37598,Quadrillion Btu,3
"TEEXBUS",200302,0.297684,Quadrillion Btu,3
"TEEXBUS",200303,0.313459,Quadrillion Btu,3
"TEEXBUS",200304,0.330425,Quadrillion Btu,3
"TEEXBUS",200305,0.354895,Quadrillion Btu,3
"TEEXBUS",200306,0.349549,Quadrillion Btu,3
"TEEXBUS",200307,0.338027,Quadrillion Btu,3
"TEEXBUS",200308,0.334366,Quadrillion Btu,3
"TEEXBUS",200309,0.324212,Quadrillion Btu,3
"TEEXBUS",200310,0.350185,Quadrillion Btu,3
"TEEXBUS",200311,0.338815,Quadrillion Btu,3
"TEEXBUS",200312,0.346005,Quadrillion Btu,3
"TEEXBUS",200313,4.053603,Quadrillion Btu,3
"TEEXBUS",200401,0.298843,Quadrillion Btu,3
"TEEXBUS",200402,0.311799,Quadrillion Btu,3
"TEEXBUS",200403,0.388242,Quadrillion Btu,3
"TEEXBUS",200404,0.410236,Quadrillion Btu,3
"TEEXBUS",200405,0.390428,Quadrillion Btu,3
"TEEXBUS",200406,0.389547,Quadrillion Btu,3
"TEEXBUS",200407,0.372158,Quadrillion Btu,3
"TEEXBUS",200408,0.375468,Quadrillion Btu,3
"TEEXBUS",200409,0.362052,Quadrillion Btu,3
"TEEXBUS",200410,0.350621,Quadrillion Btu,3
"TEEXBUS",200411,0.349563,Quadrillion Btu,3
"TEEXBUS",200412,0.43434,Quadrillion Btu,3
"TEEXBUS",200413,4.433297,Quadrillion Btu,3
"TEEXBUS",200501,0.36596,Quadrillion Btu,3
"TEEXBUS",200502,0.376168,Quadrillion Btu,3
"TEEXBUS",200503,0.415152,Quadrillion Btu,3
"TEEXBUS",200504,0.41142,Quadrillion Btu,3
"TEEXBUS",200505,0.446497,Quadrillion Btu,3
"TEEXBUS",200506,0.461585,Quadrillion Btu,3
"TEEXBUS",200507,0.396319,Quadrillion Btu,3
"TEEXBUS",200508,0.402626,Quadrillion Btu,3
"TEEXBUS",200509,0.309031,Quadrillion Btu,3
"TEEXBUS",200510,0.312259,Quadrillion Btu,3
"TEEXBUS",200511,0.305555,Quadrillion Btu,3
"TEEXBUS",200512,0.378537,Quadrillion Btu,3
"TEEXBUS",200513,4.581109,Quadrillion Btu,3
"TEEXBUS",200601,0.362318,Quadrillion Btu,3
"TEEXBUS",200602,0.343911,Quadrillion Btu,3
"TEEXBUS",200603,0.381303,Quadrillion Btu,3
"TEEXBUS",200604,0.393801,Quadrillion Btu,3
"TEEXBUS",200605,0.428894,Quadrillion Btu,3
"TEIMBUS",197313,14.613145,Quadrillion Btu,2
"TEIMBUS",197413,14.304275,Quadrillion Btu,2
"TEIMBUS",197513,14.032389,Quadrillion Btu,2
"TEIMBUS",197613,16.760059,Quadrillion Btu,2
"TEIMBUS",197713,19.948131,Quadrillion Btu,2
"TEIMBUS",197813,19.10617,Quadrillion Btu,2
"TEIMBUS",197913,19.459817,Quadrillion Btu,2
"TEIMBUS",198013,15.796235,Quadrillion Btu,2
"TEIMBUS",198113,13.719027,Quadrillion Btu,2
"TEIMBUS",198213,11.860767,Quadrillion Btu,2
"TEIMBUS",198313,11.751802,Quadrillion Btu,2
"TEIMBUS",198413,12.470726,Quadrillion Btu,2
"TEIMBUS",198513,11.780575,Quadrillion Btu,2
"TEIMBUS",198613,14.151402,Quadrillion Btu,2
"TEIMBUS",198713,15.398223,Quadrillion Btu,2
"TEIMBUS",198813,17.29593,Quadrillion Btu,2
"TEIMBUS",198913,18.766297,Quadrillion Btu,2
"TEIMBUS",199013,18.817258,Quadrillion Btu,2
"TEIMBUS",199113,18.334821,Quadrillion Btu,2
"TEIMBUS",199213,19.372204,Quadrillion Btu,2
"TEIMBUS",199313,21.272542,Quadrillion Btu,2
"TEIMBUS",199413,22.389927,Quadrillion Btu,2
"TEIMBUS",199513,22.260473,Quadrillion Btu,2
"TEIMBUS",199613,23.701778,Quadrillion Btu,2
"TEIMBUS",199713,25.215347,Quadrillion Btu,2
"TEIMBUS",199813,26.580687,Quadrillion Btu,2
"TEIMBUS",199913,27.252254,Quadrillion Btu,2
"TEIMBUS",200013,28.972788,Quadrillion Btu,2
"TEIMBUS",200101,2.696681,Quadrillion Btu,2
"TEIMBUS",200102,2.285067,Quadrillion Btu,2
"TEIMBUS",200103,2.623682,Quadrillion Btu,2
"TEIMBUS",200104,2.604996,Quadrillion Btu,2
"TEIMBUS",200105,2.662644,Quadrillion Btu,2
"TEIMBUS",200106,2.440608,Quadrillion Btu,2
"TEIMBUS",200107,2.588008,Quadrillion Btu,2
"TEIMBUS",200108,2.541242,Quadrillion Btu,2
"TEIMBUS",200109,2.460404,Quadrillion Btu,2
"TEIMBUS",200110,2.460619,Quadrillion Btu,2
"TEIMBUS",200111,2.408499,Quadrillion Btu,2
"TEIMBUS",200112,2.384171,Quadrillion Btu,2
"TEIMBUS",200113,30.156621,Quadrillion Btu,2
"TEIMBUS",200201,2.413764,Quadrillion Btu,2
"TEIMBUS",200202,2.148268,Quadrillion Btu,2
"TEIMBUS",200203,2.427462,Quadrillion Btu,2
"TEIMBUS",200204,2.434144,Quadrillion Btu,2
"TEIMBUS",200205,2.510306,Quadrillion Btu,2
"TEIMBUS",200206,2.442076,Quadrillion Btu,2
"TEIMBUS",200207,2.528175,Quadrillion Btu,2
"TEIMBUS",200208,2.588191,Quadrillion Btu,2
"TEIMBUS",200209,2.349487,Quadrillion Btu,2
"TEIMBUS",200210,2.565742,Quadrillion Btu,2
"TEIMBUS",200211,2.549648,Quadrillion Btu,2
"TEIMBUS",200212,2.449862,Quadrillion Btu,2
"TEIMBUS",200213,29.407126,Quadrillion Btu,2
"TEIMBUS",200301,2.423082,Quadrillion Btu,2
"TEIMBUS",200302,2.174971,Quadrillion Btu,2
"TEIMBUS",200303,2.57974,Quadrillion Btu,2
"TEIMBUS",200304,2.610223,Quadrillion Btu,2
"TEIMBUS",200305,2.74425,Quadrillion Btu,2
"TEIMBUS",200306,2.657938,Quadrillion Btu,2
"TEIMBUS",200307,2.747094,Quadrillion Btu,2
"TEIMBUS",200308,2.725932,Quadrillion Btu,2
"TEIMBUS",200309,2.660502,Quadrillion Btu,2
"TEIMBUS",200310,2.663172,Quadrillion Btu,2
"TEIMBUS",200311,2.452694,Quadrillion Btu,2
"TEIMBUS",200312,2.620896,Quadrillion Btu,2
"TEIMBUS",200313,31.060493,Quadrillion Btu,2
"TEIMBUS",200401,2.624153,Quadrillion Btu,2
"TEIMBUS",200402,2.562111,Quadrillion Btu,2
"TEIMBUS",200403,2.842928,Quadrillion Btu,2
"TEIMBUS",200404,2.68907,Quadrillion Btu,2
"TEIMBUS",200405,2.875451,Quadrillion Btu,2
"TEIMBUS",200406,2.831516,Quadrillion Btu,2
"TEIMBUS",200407,2.93987,Quadrillion Btu,2
"TEIMBUS",200408,2.944144,Quadrillion Btu,2
"TEIMBUS",200409,2.665317,Quadrillion Btu,2
"TEIMBUS",200410,2.873049,Quadrillion Btu,2
"TEIMBUS",200411,2.812025,Quadrillion Btu,2
"TEIMBUS",200412,2.883554,Quadrillion Btu,2
"TEIMBUS",200413,33.543188,Quadrillion Btu,2
"TEIMBUS",200501,2.787015,Quadrillion Btu,2
"TEIMBUS",200502,2.663735,Quadrillion Btu,2
"TEIMBUS",200503,2.843643,Quadrillion Btu,2
"TEIMBUS",200504,2.764682,Quadrillion Btu,2
"TEIMBUS",200505,2.868602,Quadrillion Btu,2
"TEIMBUS",200506,2.911617,Quadrillion Btu,2
"TEIMBUS",200507,2.973969,Quadrillion Btu,2
"TEIMBUS",200508,2.922716,Quadrillion Btu,2
"TEIMBUS",200509,2.717834,Quadrillion Btu,2
"TEIMBUS",200510,2.986122,Quadrillion Btu,2
"TEIMBUS",200511,2.899367,Quadrillion Btu,2
"TEIMBUS",200512,2.963648,Quadrillion Btu,2
"TEIMBUS",200513,34.30295,Quadrillion Btu,2
"TEIMBUS",200601,2.918156,Quadrillion Btu,2
"TEIMBUS",200602,2.596073,Quadrillion Btu,2
"TEIMBUS",200603,2.799855,Quadrillion Btu,2
"TEIMBUS",200604,2.750199,Quadrillion Btu,2
"TEIMBUS",200605,3.012984,Quadrillion Btu,2
"TEPRBUS",197313,63.584788,Quadrillion Btu,1
"TEPRBUS",197413,62.372236,Quadrillion Btu,1
"TEPRBUS",197513,61.356565,Quadrillion Btu,1
"TEPRBUS",197613,61.601809,Quadrillion Btu,1
"TEPRBUS",197713,62.051547,Quadrillion Btu,1
"TEPRBUS",197813,63.137182,Quadrillion Btu,1
"TEPRBUS",197913,65.947815,Quadrillion Btu,1
"TEPRBUS",198013,67.241462,Quadrillion Btu,1
"TEPRBUS",198113,67.007492,Quadrillion Btu,1
"TEPRBUS",198213,66.574322,Quadrillion Btu,1
"TEPRBUS",198313,64.106408,Quadrillion Btu,1
"TEPRBUS",198413,68.832333,Quadrillion Btu,1
"TEPRBUS",198513,67.647015,Quadrillion Btu,1
"TEPRBUS",198613,67.086881,Quadrillion Btu,1
"TEPRBUS",198713,67.60761,Quadrillion Btu,1
"TEPRBUS",198813,68.950614,Quadrillion Btu,1
"TEPRBUS",198913,69.364432,Quadrillion Btu,1
"TEPRBUS",199013,70.765463,Quadrillion Btu,1
"TEPRBUS",199113,70.409449,Quadrillion Btu,1
"TEPRBUS",199213,69.976047,Quadrillion Btu,1
"TEPRBUS",199313,68.301983,Quadrillion Btu,1
"TEPRBUS",199413,70.711002,Quadrillion Btu,1
"TEPRBUS",199513,71.18448,Quadrillion Btu,1
"TEPRBUS",199613,72.504135,Quadrillion Btu,1
"TEPRBUS",199713,72.43041,Quadrillion Btu,1
"TEPRBUS",199813,72.832696,Quadrillion Btu,1
"TEPRBUS",199913,71.714372,Quadrillion Btu,1
"TEPRBUS",200013,71.274269,Quadrillion Btu,1
"TEPRBUS",200101,6.130352,Quadrillion Btu,1
"TEPRBUS",200102,5.547435,Quadrillion Btu,1
"TEPRBUS",200103,6.198768,Quadrillion Btu,1
"TEPRBUS",200104,5.808585,Quadrillion Btu,1
"TEPRBUS",200105,6.0813,Quadrillion Btu,1
"TEPRBUS",200106,5.991586,Quadrillion Btu,1
"TEPRBUS",200107,6.007199,Quadrillion Btu,1
"TEPRBUS",200108,6.219104,Quadrillion Btu,1
"TEPRBUS",200109,5.822533,Quadrillion Btu,1
"TEPRBUS",200110,6.157918,Quadrillion Btu,1
"TEPRBUS",200111,5.939216,Quadrillion Btu,1
"TEPRBUS",200112,5.979871,Quadrillion Btu,1
"TEPRBUS",200113,71.883867,Quadrillion Btu,1
"TEPRBUS",200201,6.262158,Quadrillion Btu,1
"TEPRBUS",200202,5.590507,Quadrillion Btu,1
"TEPRBUS",200203,5.930241,Quadrillion Btu,1
"TEPRBUS",200204,5.80593,Quadrillion Btu,1
"TEPRBUS",200205,6.047294,Quadrillion Btu,1
"TEPRBUS",200206,5.849481,Quadrillion Btu,1
"TEPRBUS",200207,5.987689,Quadrillion Btu,1
"TEPRBUS",200208,6.039059,Quadrillion Btu,1
"TEPRBUS",200209,5.733201,Quadrillion Btu,1
"TEPRBUS",200210,5.814865,Quadrillion Btu,1
"TEPRBUS",200211,5.717356,Quadrillion Btu,1
"TEPRBUS",200212,5.984803,Quadrillion Btu,1
"TEPRBUS",200213,70.762585,Quadrillion Btu,1
"TEPRBUS",200301,6.02074,Quadrillion Btu,1
"TEPRBUS",200302,5.424215,Quadrillion Btu,1
"TEPRBUS",200303,5.936218,Quadrillion Btu,1
"TEPRBUS",200304,5.787457,Quadrillion Btu,1
"TEPRBUS",200305,5.969107,Quadrillion Btu,1
"TEPRBUS",200306,5.841499,Quadrillion Btu,1
"TEPRBUS",200307,5.909858,Quadrillion Btu,1
"TEPRBUS",200308,5.955032,Quadrillion Btu,1
"TEPRBUS",200309,5.779145,Quadrillion Btu,1
"TEPRBUS",200310,5.915117,Quadrillion Btu,1
"TEPRBUS",200311,5.598318,Quadrillion Btu,1
"TEPRBUS",200312,5.999688,Quadrillion Btu,1
"TEPRBUS",200313,70.136393,Quadrillion Btu,1
"TEPRBUS",200401,6.04066,Quadrillion Btu,1
"TEPRBUS",200402,5.588066,Quadrillion Btu,1
"TEPRBUS",200403,6.008488,Quadrillion Btu,1
"TEPRBUS",200404,5.754275,Quadrillion Btu,1
"TEPRBUS",200405,5.833092,Quadrillion Btu,1
"TEPRBUS",200406,5.921142,Quadrillion Btu,1
"TEPRBUS",200407,6.008607,Quadrillion Btu,1
"TEPRBUS",200408,6.01344,Quadrillion Btu,1
"TEPRBUS",200409,5.695624,Quadrillion Btu,1
"TEPRBUS",200410,5.775991,Quadrillion Btu,1
"TEPRBUS",200411,5.712886,Quadrillion Btu,1
"TEPRBUS",200412,6.035893,Quadrillion Btu,1
"TEPRBUS",200413,70.388164,Quadrillion Btu,1
"TEPRBUS",200501,5.989337,Quadrillion Btu,1
"TEPRBUS",200502,5.532418,Quadrillion Btu,1
"TEPRBUS",200503,6.089441,Quadrillion Btu,1
"TEPRBUS",200504,5.721479,Quadrillion Btu,1
"TEPRBUS",200505,5.869338,Quadrillion Btu,1
"TEPRBUS",200506,5.916325,Quadrillion Btu,1
"TEPRBUS",200507,5.907327,Quadrillion Btu,1
"TEPRBUS",200508,5.992975,Quadrillion Btu,1
"TEPRBUS",200509,5.387495,Quadrillion Btu,1
"TEPRBUS",200510,5.419562,Quadrillion Btu,1
"TEPRBUS",200511,5.57739,Quadrillion Btu,1
"TEPRBUS",200512,5.79147,Quadrillion Btu,1
"TEPRBUS",200513,69.194557,Quadrillion Btu,1
"TEPRBUS",200601,6.045303,Quadrillion Btu,1
"TEPRBUS",200602,5.423526,Quadrillion Btu,1
"TEPRBUS",200603,5.985519,Quadrillion Btu,1
"TEPRBUS",200604,5.861152,Quadrillion Btu,1
"TEPRBUS",200605,6.126587,Quadrillion Btu,1
"TETCBUS",197313,75.708364,Quadrillion Btu,5
"TETCBUS",197413,73.99088,Quadrillion Btu,5
"TETCBUS",197513,71.999191,Quadrillion Btu,5
"TETCBUS",197613,76.012373,Quadrillion Btu,5
"TETCBUS",197713,77.999554,Quadrillion Btu,5
"TETCBUS",197813,79.986377,Quadrillion Btu,5
"TETCBUS",197913,80.903216,Quadrillion Btu,5
"TETCBUS",198013,78.289225,Quadrillion Btu,5
"TETCBUS",198113,76.34196,Quadrillion Btu,5
"TETCBUS",198213,73.252851,Quadrillion Btu,5
"TETCBUS",198313,73.100514,Quadrillion Btu,5
"TETCBUS",198413,76.735955,Quadrillion Btu,5
"TETCBUS",198513,76.468963,Quadrillion Btu,5
"TETCBUS",198613,76.781797,Quadrillion Btu,5
"TETCBUS",198713,79.225444,Quadrillion Btu,5
"TETCBUS",198813,82.844314,Quadrillion Btu,5
"TETCBUS",198913,84.95679,Quadrillion Btu,5
"TETCBUS",199013,84.704345,Quadrillion Btu,5
"TETCBUS",199113,84.642834,Quadrillion Btu,5
"TETCBUS",199213,85.991843,Quadrillion Btu,5
"TETCBUS",199313,87.619284,Quadrillion Btu,5
"TETCBUS",199413,89.283068,Quadrillion Btu,5
"TETCBUS",199513,91.249576,Quadrillion Btu,5
"TETCBUS",199613,94.256051,Quadrillion Btu,5
"TETCBUS",199713,94.768455,Quadrillion Btu,5
"TETCBUS",199813,95.191703,Quadrillion Btu,5
"TETCBUS",199913,96.836216,Quadrillion Btu,5
"TETCBUS",200013,98.961423,Quadrillion Btu,5
"TETCBUS",200101,9.265424,Quadrillion Btu,5
"TETCBUS",200102,8.10693,Quadrillion Btu,5
"TETCBUS",200103,8.511382,Quadrillion Btu,5
"TETCBUS",200104,7.671038,Quadrillion Btu,5
"TETCBUS",200105,7.640756,Quadrillion Btu,5
"TETCBUS",200106,7.662916,Quadrillion Btu,5
"TETCBUS",200107,8.164588,Quadrillion Btu,5
"TETCBUS",200108,8.323511,Quadrillion Btu,5
"TETCBUS",200109,7.442572,Quadrillion Btu,5
"TETCBUS",200110,7.758604,Quadrillion Btu,5
"TETCBUS",200111,7.595836,Quadrillion Btu,5
"TETCBUS",200112,8.327993,Quadrillion Btu,5
"TETCBUS",200113,96.47155,Quadrillion Btu,5
"TETCBUS",200201,8.835941,Quadrillion Btu,5
"TETCBUS",200202,7.913652,Quadrillion Btu,5
"TETCBUS",200203,8.406238,Quadrillion Btu,5
"TETCBUS",200204,7.767258,Quadrillion Btu,5
"TETCBUS",200205,7.814698,Quadrillion Btu,5
"TETCBUS",200206,7.898684,Quadrillion Btu,5
"TETCBUS",200207,8.441148,Quadrillion Btu,5
"TETCBUS",200208,8.361692,Quadrillion Btu,5
"TETCBUS",200209,7.679666,Quadrillion Btu,5
"TETCBUS",200210,7.830498,Quadrillion Btu,5
"TETCBUS",200211,8.043845,Quadrillion Btu,5
"TETCBUS",200212,8.87704,Quadrillion Btu,5
"TETCBUS",200213,97.870362,Quadrillion Btu,5
"TETCBUS",200301,9.313975,Quadrillion Btu,5
"TETCBUS",200302,8.488726,Quadrillion Btu,5
"TETCBUS",200303,8.419468,Quadrillion Btu,5
"TETCBUS",200304,7.697117,Quadrillion Btu,5
"TETCBUS",200305,7.680943,Quadrillion Btu,5
"TETCBUS",200306,7.647952,Quadrillion Btu,5
"TETCBUS",200307,8.285331,Quadrillion Btu,5
"TETCBUS",200308,8.413504,Quadrillion Btu,5
"TETCBUS",200309,7.63839,Quadrillion Btu,5
"TETCBUS",200310,7.813887,Quadrillion Btu,5
"TETCBUS",200311,7.882032,Quadrillion Btu,5
"TETCBUS",200312,8.991919,Quadrillion Btu,5
"TETCBUS",200313,98.273245,Quadrillion Btu,5
"TETCBUS",200401,9.42228,Quadrillion Btu,5
"TETCBUS",200402,8.794059,Quadrillion Btu,5
"TETCBUS",200403,8.463902,Quadrillion Btu,5
"TETCBUS",200404,7.819075,Quadrillion Btu,5
"TETCBUS",200405,7.99052,Quadrillion Btu,5
"TETCBUS",200406,7.995999,Quadrillion Btu,5
"TETCBUS",200407,8.417934,Quadrillion Btu,5
"TETCBUS",200408,8.374627,Quadrillion Btu,5
"TETCBUS",200409,7.850643,Quadrillion Btu,5
"TETCBUS",200410,7.988547,Quadrillion Btu,5
"TETCBUS",200411,8.088564,Quadrillion Btu,5
"TETCBUS",200412,9.20833,Quadrillion Btu,5
"TETCBUS",200413,100.414481,Quadrillion Btu,5
"TETCBUS",200501,9.303533,Quadrillion Btu,5
"TETCBUS",200502,8.284568,Quadrillion Btu,5
"TETCBUS",200503,8.695145,Quadrillion Btu,5
"TETCBUS",200504,7.714077,Quadrillion Btu,5
"TETCBUS",200505,7.854579,Quadrillion Btu,5
"TETCBUS",200506,8.159986,Quadrillion Btu,5
"TETCBUS",200507,8.562592,Quadrillion Btu,5
"TETCBUS",200508,8.618664,Quadrillion Btu,5
"TETCBUS",200509,7.748707,Quadrillion Btu,5
"TETCBUS",200510,7.741277,Quadrillion Btu,5
"TETCBUS",200511,7.910569,Quadrillion Btu,5
"TETCBUS",200512,9.18624,Quadrillion Btu,5
"TETCBUS",200513,99.779936,Quadrillion Btu,5
"TETCBUS",200601,8.771357,Quadrillion Btu,5
"TETCBUS",200602,8.179215,Quadrillion Btu,5
"TETCBUS",200603,8.633239,Quadrillion Btu,5
"TETCBUS",200604,7.752392,Quadrillion Btu,5
"TETCBUS",200605,8.005316,Quadrillion Btu,5
